Country,Year,Life expectancy ,Hepatitis B,Polio,Diphtheria 
Albania,2015,77.8,99,99,99
Austria,2013,81.1,95,95,95
Austria,2002,78.7,81,82,83
Austria,2001,78.6,44,83,84
Austria,2000,78.1,33,71,81
Belize,2012,69.4,98,98,98
Belize,2008,69.6,94,94,94
Belize,2002,68.5,97,93,89
Bosnia and Herzegovina,2013,77,91,87,89
Croatia,2014,77.8,95,95,95
Croatia,2013,77.7,96,96,96
Croatia,2007,75.8,95,96,96
Cyprus,2013,81,96,99,99
Cyprus,2011,79.7,96,99,99
Cyprus,2009,79.3,96,99,99
Cyprus,2007,78.9,93,97,97
Cyprus,2006,78.8,93,97,97
Cyprus,2004,78.6,88,98,98
Cyprus,2003,78.5,88,98,98
Cyprus,2002,78.4,88,98,98
Cyprus,2001,78.2,89,97,97
Cyprus,2000,78.1,89,97,97
Estonia,2014,77.3,93,93,93
Estonia,2010,75.6,94,94,94
Estonia,2009,74.9,95,95,95
Estonia,2008,74.2,94,95,95
Estonia,2004,72.3,9,95,94
Fiji,2014,69.7,99,99,99
Fiji,2013,69.6,99,99,99
Fiji,2012,69.4,99,99,99
Fiji,2011,69.2,99,99,99
Fiji,2010,69.1,99,99,99
Fiji,2008,68.7,99,99,99
Fiji,2007,68.6,99,99,99
Fiji,2005,68.3,99,97,96
Fiji,2000,67.7,98,91,9
Kiribati,2014,66.1,75,79,75
Kiribati,2013,65.8,95,91,95
Kiribati,2012,65.7,94,92,94
Kiribati,2011,65.5,95,95,99
Kiribati,2010,65.3,91,95,91
Kiribati,2009,65.2,86,84,86
Kiribati,2008,65.1,83,74,82
Kiribati,2007,65,96,93,94
Kiribati,2006,65,88,86,86
Kiribati,2005,64.9,5,74,79
Kiribati,2004,64.8,67,61,62
Kiribati,2003,64.7,73,79,7
Kiribati,2002,64.6,79,96,77
Kiribati,2001,64.3,85,88,85
Kiribati,2000,64.1,9,9,9
Latvia,2013,74.1,94,94,94
Latvia,2010,72.8,91,92,92
Latvia,2009,72.6,92,94,94
Latvia,2007,78,91,94,94
Latvia,2004,71,98,99,99
Latvia,2003,78,98,98,98
Latvia,2002,73,98,98,97
Latvia,2000,71,95,96,96
Lithuania,2012,73,93,93,93
Lithuania,2009,72.2,95,98,98
Lithuania,2007,72,96,95,95
Luxembourg,2014,81.7,94,99,99
Luxembourg,2013,81.4,94,99,99
Luxembourg,2010,86,94,96,99
Luxembourg,2009,83,95,96,99
Luxembourg,2007,79.7,87,96,99
Luxembourg,2005,78.8,95,99,99
Luxembourg,2004,78.7,94,99,99
Luxembourg,2002,78.3,95,99,99
Luxembourg,2001,78,86,99,99
Luxembourg,2000,77.8,77,99,99
Maldives,2014,78.2,99,99,99
Maldives,2013,77.9,99,99,99
Maldives,2012,77.6,99,99,99
Maldives,2011,77.3,96,96,96
Maldives,2010,76.7,97,97,96
Maldives,2008,75.9,98,98,98
Maldives,2001,78,98,97,98
Malta,2014,81.4,9,99,99
Malta,2013,81.1,94,99,99
Malta,2012,81,93,99,99
Malta,2010,83,75,76,76
Mauritius,2014,74.2,97,98,97
Mauritius,2013,74.1,98,98,98
Mauritius,2012,73.9,98,98,98
Mauritius,2002,71.5,88,88,88
Mauritius,2001,71.5,92,93,92
Mauritius,2000,71,88,88,88
Montenegro,2014,75.9,87,91,91
Montenegro,2013,75.8,9,94,94
Montenegro,2012,75.6,9,94,94
Montenegro,2009,75,87,91,92
Montenegro,2008,74.6,93,95,95
Montenegro,2007,74.2,9,92,92
Montenegro,2006,73.8,9,9,9
Portugal,2014,89,98,98,98
Portugal,2007,78.7,97,96,97
Portugal,2006,78.5,97,97,97
Samoa,2014,73.8,56,58,63
Samoa,2013,73.6,6,62,67
Samoa,2011,73,58,6,65
Samoa,2009,76,44,45,49
Samoa,2008,72.5,12,54,26
Samoa,2007,72.2,46,49,53
Samoa,2006,72,35,37,39
Samoa,2005,71.6,41,55,49
Samoa,2004,71.4,54,26,55
Samoa,2003,79,83,82,83
Samoa,2002,76,86,85,86
Samoa,2001,75,89,83,85
Samoa,2000,72,89,94,95
Seychelles,2014,73,99,99,99
Seychelles,2013,72.9,99,98,98
Seychelles,2012,72.7,99,98,98
Seychelles,2011,72.6,99,99,99
Seychelles,2010,72.4,99,99,99
Seychelles,2009,72.3,99,99,99
Seychelles,2008,72.2,99,99,99
Seychelles,2005,72.2,99,99,99
Seychelles,2004,72.1,99,99,99
Seychelles,2003,72.1,99,99,99
Seychelles,2002,72.1,99,99,99
Seychelles,2001,72,96,96,96
Seychelles,2000,71.8,98,98,98
Solomon Islands,2014,68.8,88,94,88
Solomon Islands,2013,68.8,94,99,94
Solomon Islands,2012,68.7,99,99,99
Solomon Islands,2011,68.5,99,99,99
Solomon Islands,2010,68.3,9,94,9
Solomon Islands,2009,68.1,92,98,92
Solomon Islands,2008,68,89,94,89
Solomon Islands,2007,67.6,9,93,9
Solomon Islands,2006,67.6,99,99,99
Solomon Islands,2005,67.4,83,9,89
Solomon Islands,2004,67.1,81,89,9
Solomon Islands,2003,66.8,79,84,84
Solomon Islands,2002,66.5,75,78,78
Solomon Islands,2001,66.2,83,88,84
Solomon Islands,2000,65.8,81,88,86
Suriname,2011,76,86,86,86
Tonga,2014,73.3,8,82,8
Tonga,2013,73.2,82,84,82
Tonga,2012,73,77,79,77
Tonga,2011,72.9,82,84,82
Tonga,2010,72.8,82,84,82
Tonga,2009,72.5,84,86,84
Tonga,2008,72.6,84,88,86
Tonga,2007,72.5,87,88,87
Tonga,2006,72.4,89,89,88
Tonga,2005,72.3,89,9,89
Tonga,2004,72.2,9,91,9
Tonga,2003,72,85,91,9
Tonga,2002,71.9,88,85,84
Tonga,2000,71.6,93,91,91
Uruguay,2014,76.8,95,95,95
Uruguay,2013,76.8,94,94,94
Uruguay,2012,76.5,95,95,95
Vanuatu,2013,71.6,64,65,64
Vanuatu,2012,71.4,64,65,64
Vanuatu,2011,71.2,63,65,65
Vanuatu,2010,71,62,66,65
Vanuatu,2009,78,62,66,66
Vanuatu,2008,75,61,66,67
Vanuatu,2007,73,6,67,67
Vanuatu,2006,71,59,67,68
Vanuatu,2004,69.6,63,67,69
Albania,2014,77.5,98,98,98
Albania,2013,77.2,99,99,99
Albania,2009,76.1,98,98,98
Albania,2008,75.3,99,99,99
Algeria,2014,75.4,95,95,95
Algeria,2007,73.8,9,95,95
Argentina,2013,76,94,99,94
Argentina,2008,75.4,9,94,93
Argentina,2007,74.8,85,92,91
Argentina,2006,75.2,84,92,91
Argentina,2005,74.9,88,95,98
Argentina,2004,74.7,81,91,98
Argentina,2003,74.1,73,95,96
Argentina,2002,74.1,66,94,93
Armenia,2012,74.4,95,96,95
Armenia,2011,73.9,95,96,95
Armenia,2009,73.3,93,94,93
Armenia,2008,73.2,89,91,89
Australia,2006,81.2,95,92,92
Azerbaijan,2014,72.5,94,97,94
Azerbaijan,2012,71.9,88,92,89
Azerbaijan,2011,71.6,84,91,87
Azerbaijan,2010,71.1,8,85,81
Azerbaijan,2009,78,74,84,81
Azerbaijan,2007,73,62,81,79
Belarus,2009,70,98,98,96
Belarus,2008,70,98,98,97
Belgium,2002,78,6,96,95
Belgium,2000,77.6,6,96,95
Brazil,2009,73.6,99,99,99
Brazil,2008,73.4,96,99,99
Brazil,2007,73.3,99,99,99
Brazil,2004,72,96,99,99
Bulgaria,2014,74.3,95,88,88
Bulgaria,2004,72.2,94,94,95
Bulgaria,2003,72,96,96,96
Bulgaria,2002,71.8,88,94,93
Chile,2014,83,95,95,95
Chile,2013,81,9,9,91
Chile,2012,79.9,9,9,9
Chile,2010,79.1,92,92,92
Chile,2008,79.6,95,95,95
Chile,2007,78.9,92,95,96
Chile,2006,78.9,95,94,94
Colombia,2014,74.6,9,9,9
Colombia,2010,73.6,88,88,88
Colombia,2009,73.6,92,92,92
Colombia,2008,73.5,92,92,92
Colombia,2007,73.5,93,93,93
Colombia,2006,73.1,93,94,93
Colombia,2005,73.1,93,93,93
Colombia,2004,72.8,89,89,89
Colombia,2003,72.4,92,92,92
Comoros,2010,61.8,74,82,74
Comoros,2008,61,81,81,81
Comoros,2007,66,75,75,75
Comoros,2004,59.8,77,73,76
Comoros,2003,59.6,28,8,8
Costa Rica,2013,79.4,94,95,95
Costa Rica,2012,79.2,91,9,91
Costa Rica,2011,79,84,82,85
Costa Rica,2010,78.1,89,93,88
Costa Rica,2009,79.2,87,8,86
Costa Rica,2008,78.9,89,89,9
Costa Rica,2007,78.9,89,89,89
Costa Rica,2006,78,88,89,89
Costa Rica,2004,77.7,89,9,9
Costa Rica,2002,78.3,94,94,94
Costa Rica,2001,77.5,8,92,91
Costa Rica,2000,77.6,89,8,88
Ecuador,2014,76,83,84,83
Ecuador,2013,76,87,87,87
Ecuador,2010,75,9,88,91
Ecuador,2009,75.1,91,91,94
France,2012,81.5,78,99,99
France,2003,79.3,28,96,97
France,2001,79,28,98,97
Germany,2000,78,84,94,9
Greece,2006,79.7,94,98,98
Greece,2003,79.1,92,93,94
Italy,2014,82.5,95,95,95
Italy,2013,82.3,96,96,96
Italy,2001,79.8,95,96,93
Jordan,2011,73.6,98,98,98
Jordan,2010,73.4,98,98,98
Jordan,2009,73.3,98,98,98
Kazakhstan,2009,67.8,99,99,98
Mexico,2013,76.6,82,83,83
Mexico,2012,76.3,99,99,99
Mexico,2010,75.6,93,95,95
Mexico,2009,75.7,95,95,95
Mexico,2008,75.6,97,96,96
Mexico,2007,76,98,98,98
Mexico,2002,75,97,98,97
Mongolia,2014,68.4,99,99,99
Mongolia,2013,68.1,98,98,98
Mongolia,2012,67.8,99,99,99
Mongolia,2011,67.3,99,99,99
Mongolia,2005,64.5,98,99,99
Mongolia,2004,64,98,99,99
Morocco,2005,77,96,98,98
Nicaragua,2014,74.5,98,99,98
Nicaragua,2013,73.9,98,99,98
Nicaragua,2012,73.9,98,99,98
Nicaragua,2011,74.5,98,99,98
Nicaragua,2010,73.2,98,99,98
Panama,2014,77.6,8,8,8
Panama,2013,77.5,8,81,8
Panama,2012,77.2,85,87,85
Panama,2010,76.5,94,95,94
Panama,2009,76.8,85,85,85
Panama,2008,76.5,86,86,86
Panama,2006,76.2,88,98,88
Panama,2005,75.8,92,88,92
Panama,2003,75.5,98,95,98
Panama,2001,75.5,98,95,99
Paraguay,2012,73.6,87,83,87
Paraguay,2011,73.4,89,84,89
Paraguay,2010,73.2,89,85,89
Paraguay,2009,73,85,81,85
Paraguay,2008,72.7,87,85,89
Paraguay,2007,72.5,86,95,95
Paraguay,2003,71.7,86,86,86
Peru,2014,75.3,88,78,88
Peru,2013,75.3,88,71,88
Peru,2012,74.9,95,94,95
Poland,2014,77.3,96,94,98
Poland,2011,76.7,98,96,99
Poland,2008,75.5,98,96,99
Portugal,2001,76.9,7,96,97
Serbia,2012,74.9,97,93,91
Spain,2001,79.4,83,95,96
Sri Lanka,2006,73.8,98,98,98
Thailand,2014,74.6,99,99,99
Timor-Leste,2008,66.2,79,79,79
Turkey,2008,73.5,92,96,96
Turkmenistan,2014,66,97,98,98
Turkmenistan,2013,65.4,98,98,98
Turkmenistan,2012,65.6,98,98,97
Turkmenistan,2011,65.6,97,97,97
Turkmenistan,2010,65.8,96,96,96
Turkmenistan,2009,65.6,97,97,96
Turkmenistan,2008,64.5,96,96,96
Turkmenistan,2005,63.3,99,99,99
Uruguay,2011,77,95,95,95
Uruguay,2010,76.3,95,95,95
Uruguay,2009,76.6,95,95,95
Uruguay,2008,76.4,94,94,94
Uruguay,2007,75.4,94,94,94
Uruguay,2006,76.2,95,95,95
Uruguay,2005,75.7,96,96,96
Uruguay,2004,75.4,94,95,94
Uruguay,2003,75.4,91,91,91
Uruguay,2002,75.4,95,93,95
Uruguay,2001,75.2,94,94,94
Uruguay,2000,75.1,92,92,9
Uzbekistan,2013,69.1,99,99,99
Uzbekistan,2012,68.8,99,99,99
Bhutan,2003,63.3,95,96,95
Botswana,2008,57.5,94,96,96
Burundi,2014,59.1,95,95,95
Burundi,2013,58.6,96,96,96
Burundi,2005,53.4,87,82,87
Cambodia,2014,68.3,88,87,88
Cambodia,2013,67.8,83,66,83
Comoros,2014,63.2,88,87,87
Comoros,2013,62.9,88,85,87
Djibouti,2014,63,78,78,78
Dominican Republic,2014,73.6,89,9,91
Dominican Republic,2013,73.4,8,82,83
Dominican Republic,2012,72.1,74,85,85
Dominican Republic,2010,72.7,83,85,88
Dominican Republic,2009,73.6,8,85,82
Dominican Republic,2008,73.3,81,86,82
Dominican Republic,2007,72.9,81,86,85
Dominican Republic,2006,72.3,84,88,89
Dominican Republic,2005,69.7,87,86,87
Dominican Republic,2004,69.3,82,66,79
Dominican Republic,2003,73,79,65,79
Dominican Republic,2002,71.4,63,74,82
Ecuador,2007,74.7,94,95,96
Ecuador,2006,74.4,96,92,96
Ecuador,2005,74.2,92,89,92
Ecuador,2004,74.4,88,9,88
Ecuador,2003,74.4,82,97,87
Ecuador,2002,73.6,75,88,88
Ecuador,2000,72.8,36,83,87
El Salvador,2014,73.3,93,93,94
El Salvador,2013,73,92,92,92
El Salvador,2012,73,92,93,92
El Salvador,2011,72,89,9,89
El Salvador,2010,72,89,89,89
El Salvador,2009,71.4,91,91,91
El Salvador,2008,71.7,98,98,98
El Salvador,2007,71.2,99,99,99
El Salvador,2006,75,96,96,96
El Salvador,2005,71,89,89,89
El Salvador,2004,70,9,9,9
El Salvador,2003,69.9,94,93,94
El Salvador,2002,73,81,81,81
El Salvador,2000,69,99,98,99
Eritrea,2008,67,94,94,94
Gabon,2009,61.7,79,74,76
Gabon,2007,61.6,75,78,81
Gabon,2005,65,28,44,45
Guatemala,2014,71.7,73,65,73
Guatemala,2013,71.4,85,84,85
Guatemala,2012,71.3,96,94,96
Guatemala,2011,71.1,88,88,88
Guatemala,2010,77,94,94,94
Guatemala,2009,76,92,92,92
Guatemala,2008,79,95,96,95
Guatemala,2007,75,85,85,85
Guatemala,2006,69.7,89,9,89
Guatemala,2005,69.2,87,87,87
Guinea-Bissau,2013,58.1,87,87,87
Guinea-Bissau,2012,57.6,87,87,87
Guinea-Bissau,2011,57.1,86,85,86
Guinea-Bissau,2009,56.3,8,78,8
Guyana,2008,66.3,93,93,93
Guyana,2007,65.7,94,94,94
Guyana,2006,65.2,93,92,93
Guyana,2005,65,93,93,93
Guyana,2004,65.1,91,91,91
Guyana,2003,65.3,9,91,9
Guyana,2002,65.3,91,93,91
Guyana,2001,65.4,85,9,85
Haiti,2014,63.1,48,55,48
Haiti,2013,62.7,68,67,68
Honduras,2014,74.5,97,97,97
Honduras,2013,74.3,97,97,97
Honduras,2012,74.1,97,97,97
Honduras,2011,73.9,97,97,97
Honduras,2010,73.6,97,97,97
Honduras,2009,73.4,97,97,97
Honduras,2008,73.2,92,93,93
Honduras,2007,73,93,94,94
Honduras,2006,72.8,94,94,95
Honduras,2005,72.5,97,98,98
Honduras,2004,72.2,93,94,94
Honduras,2003,71.9,91,92,92
Honduras,2002,71.6,94,95,95
Honduras,2001,71.3,95,99,96
Honduras,2000,71,93,88,94
Jamaica,2014,75.8,92,93,92
Jamaica,2013,75.6,93,86,93
Jamaica,2012,75.3,96,96,96
Jamaica,2010,75,94,94,94
Jamaica,2009,74.7,9,9,9
Jamaica,2007,74.2,92,94,92
Jamaica,2006,74,97,99,95
Jamaica,2005,73.5,99,99,99
Jamaica,2004,73.3,98,97,98
Jamaica,2003,73.1,36,99,96
Kenya,2012,62.1,94,94,94
Lesotho,2014,52.1,93,9,93
Lesotho,2009,49.4,91,89,91
Lesotho,2008,47.8,88,86,88
Lesotho,2005,44.5,87,88,89
Liberia,2013,61.1,76,75,76
Madagascar,2011,63.8,73,73,73
Madagascar,2009,62.8,77,76,77
Madagascar,2007,61.9,84,83,84
Madagascar,2005,69,81,8,85
Nicaragua,2009,73.2,98,99,98
Nicaragua,2008,72.5,97,97,97
Nicaragua,2007,72.5,93,93,93
Nicaragua,2006,73,88,88,88
Nicaragua,2005,71.2,86,87,86
Nicaragua,2004,71,79,8,79
Nicaragua,2003,76,86,86,86
Nicaragua,2002,75,85,85,85
Nicaragua,2001,73,87,89,87
Nicaragua,2000,73,83,85,83
Panama,2007,76.4,85,84,85
Panama,2004,75.8,95,92,95
Panama,2002,75.7,98,99,99
Papua New Guinea,2012,62.2,68,81,74
Papua New Guinea,2011,62,66,69,72
Papua New Guinea,2010,61.8,56,72,67
Papua New Guinea,2009,61.6,66,79,73
Papua New Guinea,2008,61.4,59,76,63
Papua New Guinea,2007,61.1,61,72,71
Paraguay,2014,73.9,87,83,87
Paraguay,2013,73.8,86,8,86
Paraguay,2006,72.3,92,98,98
Paraguay,2005,72.1,92,96,96
Paraguay,2004,71.9,9,92,92
Peru,2011,74.5,91,91,91
Peru,2010,73.7,93,92,93
Peru,2009,73.8,93,92,93
Peru,2007,74,93,93,93
Peru,2006,74.2,94,94,94
Peru,2005,72.8,94,66,77
Peru,2004,72.2,92,81,86
Peru,2003,72.1,65,95,94
Senegal,2005,65,84,84,84
Sierra Leone,2007,45.3,63,63,64
Swaziland,2014,58.4,98,98,98
Swaziland,2013,57.6,98,98,98
Swaziland,2012,56.5,95,92,95
Swaziland,2011,55,91,85,91
Swaziland,2007,50,92,88,87
Swaziland,2006,47.8,93,88,87
Swaziland,2005,46,95,88,86
Swaziland,2004,45.6,93,88,86
Tajikistan,2014,69.6,97,94,97
Tajikistan,2010,67.3,93,95,93
Tajikistan,2009,66.7,93,93,93
Tajikistan,2008,66.4,86,87,86
Tajikistan,2005,65.5,81,79,84
Ukraine,2014,78,22,45,23
Ukraine,2013,71,46,72,76
Ukraine,2009,69.2,66,74,71
Uzbekistan,2009,68,98,99,98
Zimbabwe,2014,59.2,91,92,91
Zimbabwe,2013,58,95,95,95
Zimbabwe,2012,56.6,97,95,95
Zimbabwe,2011,54.9,94,93,93
Zimbabwe,2008,48.2,75,75,75
Belize,2014,70,95,95,95
Belize,2013,69.8,95,95,95
Belize,2011,69.4,95,95,95
Belize,2010,69.5,96,96,96
Belize,2009,69.5,97,98,97
Belize,2007,69.6,96,97,96
Belize,2006,69.4,98,98,98
Belize,2005,69,96,96,96
Belize,2004,68.7,97,97,97
Belize,2003,68.4,96,95,96
Belize,2001,68.2,96,96,96
Belize,2000,68.3,76,91,91
Bhutan,2014,69.4,99,98,99
Bhutan,2013,69.1,97,97,97
Cabo Verde,2014,73,97,95,95
Cabo Verde,2013,72.8,94,93,93
Cabo Verde,2012,72.7,94,94,94
Cabo Verde,2011,72.6,9,9,9
Cabo Verde,2010,72.5,98,99,99
Cabo Verde,2009,72.4,98,99,99
Cabo Verde,2008,72.4,98,99,99
Cabo Verde,2007,72.3,96,98,98
Cabo Verde,2006,72.1,95,97,96
Cabo Verde,2005,71.8,93,95,95
Cabo Verde,2004,71.4,91,94,93
Cabo Verde,2003,71.1,66,93,92
Cabo Verde,2002,77,4,92,91
Guyana,2014,66,98,97,98
Guyana,2013,65.9,98,98,98
Guyana,2012,65.8,97,97,97
Guyana,2011,65.6,93,93,93
Guyana,2010,65.9,95,95,95
Guyana,2009,66.1,98,97,98
Sao Tome and Principe,2014,67.3,95,95,95
Sao Tome and Principe,2013,67.1,97,97,97
Sao Tome and Principe,2012,66.9,96,96,96
Sao Tome and Principe,2011,66.6,96,96,96
Sao Tome and Principe,2010,66.2,98,98,98
Sao Tome and Principe,2009,65.8,98,99,98
Sao Tome and Principe,2008,65.4,99,99,99
Sao Tome and Principe,2007,65.1,87,98,97
Sao Tome and Principe,2006,64.7,75,97,97
Sao Tome and Principe,2005,64.3,96,97,97
Sao Tome and Principe,2004,63.8,7,99,96
Sao Tome and Principe,2003,63.4,43,94,94
Suriname,2014,71.4,85,85,85
Suriname,2013,71.2,86,86,86
Suriname,2012,71.3,84,84,84
Suriname,2010,73,86,96,96
Suriname,2009,70,87,85,87
Suriname,2008,69.8,84,85,85
Suriname,2007,69.5,84,84,84
Suriname,2006,69.3,84,84,84
Suriname,2005,68.9,83,84,83
Trinidad and Tobago,2014,71.1,92,94,92
Trinidad and Tobago,2013,71,92,94,92
Trinidad and Tobago,2012,78,92,91,92
Trinidad and Tobago,2011,76,9,91,9
Trinidad and Tobago,2010,74,9,91,9
Trinidad and Tobago,2009,71,9,9,9
Trinidad and Tobago,2008,69.9,9,91,9
Trinidad and Tobago,2007,69.7,89,9,88
Trinidad and Tobago,2006,69.6,89,89,92
Trinidad and Tobago,2005,69.5,95,95,95
Trinidad and Tobago,2004,69.4,94,94,94
Trinidad and Tobago,2003,69.3,76,91,91
Trinidad and Tobago,2002,69.2,5,96,96
Angola,2014,51.7,64,68,64
Angola,2013,51.1,77,67,77
Angola,2012,56,75,75,75
Angola,2011,51,72,73,71
Angola,2010,49.6,77,81,77
Angola,2009,49.1,61,63,6
Angola,2008,48.7,69,65,69
Angola,2007,48.2,73,75,73
Benin,2011,59.1,75,77,75
Benin,2010,58.7,76,77,76
Benin,2009,58.4,79,8,79
Benin,2008,57.6,75,77,75
Benin,2007,57.1,82,82,82
Benin,2006,56.8,74,76,74
Benin,2005,56.5,7,73,7
Benin,2004,56.1,75,74,72
Benin,2003,55.8,73,75,73
Benin,2002,55.6,15,76,75
Bhutan,2011,68.3,95,95,95
Bhutan,2010,67.9,91,92,91
Bhutan,2009,67.4,93,93,93
Bhutan,2008,67,96,96,96
Bhutan,2007,66.5,95,93,95
Bhutan,2006,65.8,95,96,95
Bhutan,2005,65,95,95,95
Bhutan,2004,64.2,89,9,89
Botswana,2011,62.2,95,96,95
Botswana,2010,61.1,95,96,95
Botswana,2009,59.2,94,96,96
Botswana,2007,56.9,93,96,96
Botswana,2006,54.8,93,96,96
Botswana,2005,51.7,92,96,96
Botswana,2004,48.1,91,96,96
Botswana,2003,46.4,9,96,96
Botswana,2002,46,88,97,97
Botswana,2001,46.7,87,97,97
Botswana,2000,47.8,86,97,97
Burkina Faso,2013,59,88,89,88
Burkina Faso,2012,58.6,9,9,9
Burkina Faso,2011,58.1,91,9,91
Burkina Faso,2010,57.5,91,9,91
Burkina Faso,2009,56.9,92,91,92
Burkina Faso,2008,56.1,93,92,93
Burkina Faso,2007,55.3,89,93,89
Burkina Faso,2006,54.3,76,94,86
Burundi,2011,57.4,96,95,96
Burundi,2010,56.8,96,94,96
Burundi,2009,56.2,94,96,94
Burundi,2008,55.3,92,89,92
Burundi,2007,54.8,99,93,99
Burundi,2006,54.1,92,88,92
Burundi,2004,52.6,83,76,83
Cambodia,2011,67,88,87,88
Cambodia,2010,66.6,89,88,89
Cambodia,2009,66.1,92,95,94
Cambodia,2008,65.6,91,91,91
Cambodia,2007,65,82,82,82
Cambodia,2006,64.1,8,8,8
Cameroon,2011,55.6,82,8,82
Cameroon,2010,55.3,84,83,84
Cameroon,2009,54.8,8,79,8
Cameroon,2008,54.2,84,82,84
Cameroon,2007,53.6,82,81,82
Cameroon,2006,53.3,81,78,81
Cameroon,2005,52.8,79,79,8
Central African Republic,2011,49.8,47,47,47
Central African Republic,2010,49.2,45,46,45
Central African Republic,2009,48.6,42,45,42
Chad,2013,52.2,39,46,39
Chad,2012,51.8,4,51,4
Chad,2011,51.6,33,4,33
Chad,2010,51.2,39,43,39
Chad,2009,57,24,32,24
Chad,2008,49.6,17,3,19
Comoros,2011,62.2,83,85,83
Djibouti,2013,62.7,82,82,82
Djibouti,2012,62.2,81,81,81
Djibouti,2011,61.8,87,87,87
Djibouti,2010,61.3,88,88,88
Djibouti,2009,69,89,89,89
Djibouti,2008,62,88,89,89
Djibouti,2007,59.8,25,88,88
Dominican Republic,2011,73.1,8,84,84
Dominican Republic,2001,71.2,66,71,72
Dominican Republic,2000,72,68,71,78
Ecuador,2001,73.4,69,9,89
El Salvador,2001,68.9,75,94,92
Eritrea,2011,62.9,96,96,96
Eritrea,2010,62.1,9,9,9
Eritrea,2009,61.4,92,92,92
Eritrea,2007,62,91,91,91
Eritrea,2006,59.7,94,94,94
Eritrea,2005,59.4,96,96,96
Eritrea,2004,59.1,84,98,98
Eritrea,2003,58.8,91,95,93
Eritrea,2002,58.5,86,92,9
Ethiopia,2013,63.7,72,7,72
Ethiopia,2012,63.3,69,7,69
Ethiopia,2011,62.6,65,7,65
Ethiopia,2010,61.8,62,69,61
Ethiopia,2009,68,56,65,58
Ethiopia,2008,59.8,52,63,54
Ethiopia,2007,58.5,47,61,5
Gabon,2013,64.6,79,77,79
Gabon,2012,63.5,82,8,82
Gabon,2011,62.8,75,75,75
Gabon,2010,62.3,67,68,67
Gabon,2008,61.6,82,81,82
Gabon,2006,61.4,52,44,45
Ghana,2011,61.2,91,91,91
Ghana,2010,69,94,94,94
Ghana,2009,66,94,94,94
Ghana,2008,63,93,92,93
Ghana,2007,59.9,94,94,94
Ghana,2006,59.4,84,84,84
Ghana,2005,58.9,84,85,84
Ghana,2004,58.3,8,81,8
Ghana,2003,57.9,8,8,8
Ghana,2002,57.6,8,8,78
Guinea,2011,58.1,63,63,63
Guinea,2010,57.8,64,62,64
Guinea,2009,57.3,57,6,57
Guinea,2008,56.8,57,59,6
Guinea,2007,56.4,57,46,63
Guinea-Bissau,2010,56.7,83,82,83
India,2014,68,79,84,85
India,2013,67.6,7,82,83
India,2012,67.3,73,79,82
India,2011,66.8,44,79,82
India,2010,66.4,38,76,79
India,2009,66,37,73,74
India,2008,65.5,29,69,7
India,2007,65.2,6,67,64
India,2006,64.8,6,66,65
India,2005,64.4,8,65,65
India,2004,64,6,58,63
Indonesia,2014,68.9,78,8,78
Indonesia,2013,68.7,85,86,85
Indonesia,2012,68.5,83,84,83
Indonesia,2011,68.3,81,81,81
Indonesia,2010,68.1,83,82,81
Indonesia,2009,67.9,82,85,78
Indonesia,2008,67.7,82,83,77
Indonesia,2007,67.5,76,77,73
Jamaica,2011,75.2,92,93,92
Jamaica,2008,74.5,92,91,91
Kenya,2013,62.6,93,94,87
Kenya,2011,61.2,96,97,96
Kenya,2010,63,9,9,9
Kenya,2009,59.1,88,89,88
Kenya,2008,57.9,88,88,88
Kenya,2007,56.8,81,76,81
Kenya,2006,55.3,8,77,8
Kenya,2005,54.1,76,7,76
Kenya,2004,53,73,73,73
Kenya,2003,52.4,73,75,73
Kenya,2002,52.1,84,83,84
Lesotho,2011,52.3,96,95,96
Lesotho,2010,51.1,93,92,93
Lesotho,2007,46.2,9,87,88
Lesotho,2006,45.3,91,88,89
Lesotho,2004,44.8,6,89,9
Lesotho,2003,45.5,17,9,9
Liberia,2011,62,77,77,77
Liberia,2010,59.7,47,71,7
Liberia,2009,59.2,64,84,81
Liberia,2008,58.6,64,79,75
Madagascar,2013,64.7,74,73,74
Madagascar,2012,64.3,7,71,7
Madagascar,2010,63.3,7,7,7
Madagascar,2008,62.3,77,77,77
Madagascar,2006,61.4,82,83,85
Madagascar,2004,64,71,74,78
Madagascar,2003,59.9,61,65,66
Madagascar,2002,59.3,51,61,62
Malawi,2011,54.1,97,97,97
Malawi,2010,52.9,93,86,93
Malawi,2009,51.5,93,93,93
Malawi,2008,50,91,92,91
Malawi,2007,48.5,87,88,87
Malawi,2006,47.1,99,99,99
Malawi,2005,46,93,94,93
Malawi,2004,45.1,89,94,89
Malawi,2003,44.6,84,85,84
Malawi,2002,44,64,79,64
Mali,2011,56.8,66,72,66
Mali,2010,56.5,72,77,73
Mali,2009,56,71,77,73
Mali,2008,55.5,74,74,74
Mali,2007,55,74,76,74
Mali,2006,54.3,9,79,78
Mali,2005,53.6,83,78,77
Mali,2004,52.8,73,7,69
Mali,2003,52,79,67,63
Mauritania,2008,61.4,74,73,74
Mauritania,2007,61.2,74,75,75
Mauritius,2010,73.3,99,99,99
Mozambique,2013,55.3,78,78,78
Mozambique,2012,54.8,76,73,76
Mozambique,2011,54.3,76,73,76
Mozambique,2010,54,74,73,74
Mozambique,2009,53.8,74,74,74
Mozambique,2008,53.2,75,74,75
Mozambique,2007,52.1,75,75,75
Mozambique,2006,51.2,75,73,78
Mozambique,2005,58,75,71,8
Mozambique,2004,54,76,69,83
Mozambique,2003,51,76,67,85
Mozambique,2002,49.8,76,76,76
Mozambique,2001,49.5,25,72,73
Myanmar,2013,66.2,75,76,75
Myanmar,2012,65.9,58,87,84
Myanmar,2011,65.6,4,9,84
Myanmar,2010,65.4,92,9,9
Myanmar,2009,65.2,91,9,9
Myanmar,2008,59.2,85,85,85
Myanmar,2007,64.5,85,84,86
Myanmar,2006,64.2,75,82,82
Myanmar,2005,63.9,62,86,73
Myanmar,2004,63.5,39,92,82
Myanmar,2003,63.2,8,86,78
Namibia,2011,64.3,82,85,82
Namibia,2010,63,83,83,83
Nepal,2012,68.9,9,9,9
Nepal,2011,68.4,92,92,92
Nepal,2010,68,82,83,82
Nepal,2009,67.5,89,93,89
Nepal,2008,67,82,82,82
Nepal,2007,66.6,82,82,82
Nepal,2006,66,69,91,89
Nepal,2005,65.4,41,78,75
Nepal,2004,64.7,27,8,8
Niger,2011,59.4,75,4,75
Niger,2010,58.2,7,75,7
Niger,2009,57.1,71,71,71
Nigeria,2013,53.2,46,46,46
Nigeria,2012,52.7,42,42,42
Nigeria,2011,52.3,46,48,48
Nigeria,2010,52,49,54,54
Nigeria,2009,51.6,63,66,63
Nigeria,2008,59,41,6,53
Nigeria,2007,55,42,54,42
Nigeria,2006,49.8,27,46,4
Nigeria,2005,49.2,18,45,36
Papua New Guinea,2006,68,71,67,72
Papua New Guinea,2005,64,63,61,72
Papua New Guinea,2004,59.9,6,59,62
Papua New Guinea,2003,59.6,67,62,68
Papua New Guinea,2002,59.3,6,54,61
Papua New Guinea,2001,59.1,59,52,55
Papua New Guinea,2000,58.9,57,51,59
Peru,2008,73.9,93,93,93
Russian Federation,2013,70,97,98,97
Russian Federation,2012,69.6,97,98,97
Russian Federation,2011,69.4,97,97,97
Russian Federation,2010,68.4,97,98,97
Russian Federation,2009,68.2,98,98,98
Russian Federation,2008,67.5,98,98,98
Russian Federation,2007,67.3,98,98,98
Russian Federation,2006,66.4,98,98,98
Russian Federation,2005,65,97,98,98
Russian Federation,2004,64.9,96,98,97
Russian Federation,2003,64.6,94,97,96
Russian Federation,2002,64.8,81,97,97
Russian Federation,2001,65.1,43,97,96
Rwanda,2011,63.8,97,93,97
Rwanda,2010,62.8,97,93,97
Rwanda,2009,61,97,93,97
Rwanda,2008,68,97,97,97
Rwanda,2007,59.6,97,98,97
Rwanda,2006,57.6,99,99,99
Rwanda,2005,55.3,95,95,95
Rwanda,2004,53.4,89,89,89
Rwanda,2003,52,96,96,96
Rwanda,2002,57,88,85,88
Senegal,2014,66.4,89,85,89
Senegal,2013,66,92,89,92
Senegal,2012,65.6,91,83,91
Senegal,2011,64.9,92,89,92
Senegal,2010,64.3,89,76,89
Senegal,2009,63.5,86,83,86
Senegal,2008,62.8,88,87,88
Senegal,2007,62.1,94,93,94
Senegal,2006,61.3,89,89,89
Senegal,2004,59.7,54,87,87
Sierra Leone,2011,48.9,89,88,89
Sierra Leone,2010,48.1,86,84,86
Sierra Leone,2009,47.1,84,81,84
Sierra Leone,2008,46.2,77,75,77
South Africa,2014,62,8,77,77
South Africa,2013,69,7,73,73
South Africa,2012,59.2,68,65,65
South Africa,2011,58.9,76,69,69
South Africa,2010,58,71,72,72
South Africa,2009,56.5,74,75,76
South Africa,2008,55.3,76,77,79
South Africa,2007,54.5,83,79,82
South Africa,2006,54,83,79,82
South Africa,2005,53.8,79,75,79
South Africa,2004,53.7,76,73,74
South Africa,2003,54,71,7,69
South Africa,2002,54.9,72,7,7
South Africa,2001,56,72,71,71
South Africa,2000,57.3,73,71,73
Sudan,2011,62.7,93,93,93
Sudan,2010,62.5,75,9,9
Sudan,2009,62,72,81,81
Sudan,2008,61.8,78,85,86
Sudan,2007,61.4,78,84,84
Sudan,2006,61,6,77,78
Sudan,2005,67,22,78,78
Swaziland,2010,53.6,89,89,89
Swaziland,2009,52.6,88,89,88
Swaziland,2008,51.4,9,89,88
Swaziland,2003,45.9,9,87,85
Swaziland,2002,46.4,88,87,85
Swaziland,2001,47.1,86,87,84
Swaziland,2000,48.4,83,87,84
Tajikistan,2011,68.1,96,97,96
Tajikistan,2007,66.1,84,85,86
Tajikistan,2006,65.9,88,76,83
Tajikistan,2004,65.9,81,82,86
Tajikistan,2003,65.2,58,82,85
Tajikistan,2002,64.3,39,84,85
Thailand,2011,74.1,98,99,99
Thailand,2010,73.9,98,99,99
Thailand,2009,73.7,98,99,99
Thailand,2008,73.5,98,99,99
Thailand,2007,73.3,96,98,98
Thailand,2006,73,96,98,98
Thailand,2005,72.5,96,98,98
Thailand,2004,71.6,96,98,98
Thailand,2003,71.7,96,98,98
Thailand,2002,71.4,95,97,96
Thailand,2001,71.2,95,97,96
Thailand,2000,71.1,95,97,97
Togo,2011,58.3,85,85,85
Togo,2010,57.4,83,83,83
Togo,2009,56.7,78,78,78
Togo,2008,56.2,24,8,81
Uganda,2011,59.3,82,82,82
Uganda,2010,58.4,8,79,8
Uganda,2009,57.5,79,78,79
Uganda,2008,56.3,71,69,71
Uganda,2007,55.5,73,7,73
Uganda,2006,54.9,64,62,64
Uganda,2005,53.2,64,59,64
Uganda,2004,51.3,62,58,62
Uganda,2003,51,44,57,59
Uganda,2002,48.8,29,57,57
Ukraine,2012,77,46,72,76
Ukraine,2011,75,21,54,5
Ukraine,2010,69.8,48,57,52
Ukraine,2008,67.7,84,91,9
Ukraine,2007,67.5,92,98,98
Ukraine,2006,67.7,96,99,98
Ukraine,2005,67,97,95,96
Ukraine,2004,67.4,98,99,99
Ukraine,2003,67.6,77,99,97
Ukraine,2002,67.6,48,99,99
Ukraine,2001,67.7,7,99,99
Ukraine,2000,67.5,4,99,99
Uzbekistan,2010,68.3,99,99,99
Uzbekistan,2008,67.9,91,98,98
Uzbekistan,2007,67.8,99,98,96
Uzbekistan,2006,67.6,98,94,96
Uzbekistan,2005,67.3,99,99,99
Uzbekistan,2004,67.8,99,99,99
Uzbekistan,2003,67.2,99,99,98
Uzbekistan,2002,67.1,62,99,99
Zambia,2013,63,79,74,79
Zambia,2012,59.2,78,7,78
Zambia,2011,58.2,81,83,81
Zambia,2010,58,83,8,83
Zambia,2009,57.4,94,93,94
Zambia,2008,55.7,87,9,87
Zambia,2007,52.6,8,77,8
Zambia,2006,58,81,83,81
Zambia,2005,49.3,82,84,82
Zimbabwe,2010,52.4,9,89,89
Zimbabwe,2009,50,73,69,73
Zimbabwe,2007,46.6,72,73,73
Zimbabwe,2006,45.4,68,71,7
Zimbabwe,2005,44.6,65,69,68
Zimbabwe,2004,44.3,68,67,65
Zimbabwe,2003,44.5,7,7,68
Zimbabwe,2002,44.8,73,73,71
Zimbabwe,2001,45.3,76,76,75
Zimbabwe,2000,46,79,78,78
Benin,2014,59.7,78,74,78
Benin,2013,59.5,77,73,77
Benin,2012,59.3,8,8,8
Bhutan,2012,68.7,97,97,97
Botswana,2014,65.1,95,96,95
Botswana,2013,64.2,95,96,95
Botswana,2012,63.4,95,96,95
Burkina Faso,2014,59.3,91,91,91
Burundi,2012,58,96,96,96
Cambodia,2012,67.4,86,84,86
Cameroon,2014,56.7,87,86,87
Cameroon,2013,56.4,89,88,89
Cameroon,2012,55.9,85,85,85
Central African Republic,2014,58,47,47,47
Central African Republic,2013,49.9,23,23,23
Central African Republic,2012,53,47,47,47
Chad,2014,52.6,37,44,37
Comoros,2012,62.5,89,85,86
Equatorial Guinea,2014,57.9,2,24,2
Ethiopia,2014,64.2,77,75,77
Gabon,2014,65.5,7,68,7
Ghana,2014,62.1,98,93,98
Ghana,2013,61.9,9,91,9
Ghana,2012,61.6,92,91,92
Guinea,2014,58.1,51,42,51
Guinea,2013,58.8,63,63,63
Guinea,2012,58.4,62,63,62
Guinea-Bissau,2014,58.4,87,87,87
Kenya,2014,62.9,92,93,92
Lesotho,2013,52.1,93,9,93
Lesotho,2012,52.2,95,93,95
Liberia,2014,58.1,5,49,5
Liberia,2012,67,8,8,8
Madagascar,2014,65.1,73,73,73
Malawi,2014,57.6,91,87,91
Malawi,2013,56.7,89,89,89
Malawi,2012,55.3,96,95,96
Mali,2014,57.8,73,74,73
Mali,2013,57.3,69,7,69
Mali,2012,57.2,66,72,66
Mauritania,2014,63,84,84,84
Mauritania,2013,62.7,8,8,8
Mauritania,2012,62.5,8,8,8
Mauritania,2011,62.2,75,73,75
Mauritania,2010,62,64,52,64
Mauritania,2009,61.7,64,63,64
Mauritania,2006,69,68,68,68
Mauritania,2005,66,42,71,71
Mozambique,2014,56.7,79,79,79
Myanmar,2014,66.4,88,88,88
Namibia,2014,65.9,88,88,88
Namibia,2013,66.1,89,89,89
Namibia,2012,65.8,84,84,84
Niger,2014,61.4,68,67,68
Niger,2013,69,67,56,67
Niger,2012,63,71,71,71
Nigeria,2014,53.6,49,49,49
Papua New Guinea,2014,62.7,67,64,73
Papua New Guinea,2013,62.4,73,8,79
Rwanda,2014,65.7,98,98,98
Rwanda,2013,65.2,98,98,98
Rwanda,2012,64.6,98,98,98
Sierra Leone,2014,48.1,83,83,83
Sierra Leone,2013,54,92,92,92
Sierra Leone,2012,49.7,91,91,91
Sudan,2014,63.8,94,94,94
Sudan,2013,63.5,93,93,93
Sudan,2012,63.2,92,92,92
Tajikistan,2013,69.3,96,97,96
Tajikistan,2012,68.8,94,96,94
Togo,2014,59.7,87,85,87
Togo,2013,59.4,84,84,84
Togo,2012,58.9,84,84,84
Uganda,2014,61.5,78,82,78
Uganda,2013,67,78,82,78
Uganda,2012,60,78,82,78
Zambia,2014,61.1,86,78,86
Afghanistan,2015,65,65,6,65
Afghanistan,2014,59.9,62,58,62
Afghanistan,2013,59.9,64,62,64
Afghanistan,2012,59.5,67,67,67
Afghanistan,2011,59.2,68,68,68
Afghanistan,2010,58.8,66,66,66
Afghanistan,2009,58.6,63,63,63
Afghanistan,2008,58.1,64,64,64
Afghanistan,2007,57.5,63,63,63
Afghanistan,2006,57.3,64,58,58
Afghanistan,2005,57.3,66,58,58
Afghanistan,2004,57,67,5,5
Afghanistan,2003,56.7,65,41,41
Afghanistan,2002,56.2,64,36,36
Afghanistan,2001,55.3,63,35,33
Afghanistan,2000,54.8,62,24,24
Algeria,2013,75.3,95,95,95
Algeria,2012,75.1,95,95,95
Algeria,2011,74.9,95,95,95
Algeria,2010,74.7,95,95,95
Algeria,2009,74.4,94,94,95
Algeria,2008,74.1,91,92,93
Algeria,2006,73.4,8,95,95
Algeria,2005,72.9,83,88,88
Algeria,2004,72.3,81,86,86
Argentina,2014,76.2,94,92,94
Argentina,2012,75.9,91,99,91
Argentina,2011,75.7,91,93,91
Argentina,2010,75.5,94,95,94
Argentina,2009,75.6,94,97,94
Australia,2007,81.3,94,92,92
Australia,2005,81,95,92,92
Australia,2002,79.9,95,92,92
Australia,2001,79.9,94,91,92
Azerbaijan,2013,72.2,93,96,93
Azerbaijan,2008,73,68,85,81
Azerbaijan,2006,69.2,52,8,78
Azerbaijan,2005,68.4,49,79,75
Azerbaijan,2004,68.4,5,78,77
Azerbaijan,2003,67.8,51,79,77
Azerbaijan,2002,67.8,5,8,76
Bangladesh,2014,71.4,97,97,97
Bangladesh,2013,71,96,96,96
Bangladesh,2012,77,94,94,94
Bangladesh,2011,73,96,96,96
Bangladesh,2010,69.9,94,94,94
Bangladesh,2009,69.5,97,97,97
Bangladesh,2008,69.1,96,96,96
Bangladesh,2007,68.6,95,96,94
Bangladesh,2006,68.2,86,95,94
Bangladesh,2005,67.8,45,94,93
Bangladesh,2004,67.3,11,88,99
Bangladesh,2003,66.8,5,9,87
Brazil,2014,74.8,96,96,93
Brazil,2013,74.7,96,96,97
Brazil,2012,74.5,96,96,95
Brazil,2011,74.1,98,98,99
Brazil,2010,73.8,96,99,99
Brazil,2006,73,99,99,99
Brazil,2005,72.7,98,99,99
Brazil,2003,71.8,97,99,99
Brazil,2002,71.4,92,99,99
Brazil,2001,71,91,99,98
Brazil,2000,75,94,99,98
China,2014,75.8,99,99,99
China,2013,75.6,99,99,99
China,2012,75.4,99,99,99
China,2011,75.2,99,99,99
China,2010,75,99,99,99
China,2009,74.9,99,99,99
China,2008,74.5,95,99,97
China,2007,74.4,92,94,93
China,2006,74.2,91,94,93
China,2005,73.9,84,87,87
China,2004,73.5,79,87,87
China,2003,73.1,75,87,86
China,2002,72.7,7,86,86
China,2001,72.2,65,86,86
China,2000,71.7,6,86,85
Colombia,2013,74.4,91,91,91
Colombia,2012,74.3,92,91,91
Colombia,2011,74.2,85,85,85
Colombia,2002,71.8,78,83,81
Colombia,2001,71.5,8,83,8
Colombia,2000,71.4,78,82,79
Ecuador,2012,75.5,88,85,87
Ecuador,2011,75.3,88,85,88
Ecuador,2008,74.6,93,94,96
France,2014,82.2,83,98,98
France,2013,82,74,99,99
France,2011,81.7,74,99,99
France,2010,81.3,65,99,99
France,2009,81.1,51,98,98
France,2008,89,47,98,98
France,2007,89,42,99,98
France,2006,86,39,99,99
France,2005,81,35,98,98
France,2004,82,35,99,98
France,2002,79.2,29,97,97
France,2000,78.8,26,98,97
Georgia,2003,72.7,48,74,75
Germany,2007,79.8,86,95,96
Germany,2006,79.6,87,94,96
Germany,2005,79.2,9,95,96
Germany,2004,79.1,88,96,96
Germany,2003,78.5,9,96,97
Germany,2002,78.4,87,97,93
Germany,2001,78.3,86,96,93
Indonesia,2006,67.3,66,78,72
Indonesia,2005,67.2,65,79,72
Indonesia,2004,65.3,64,79,71
Indonesia,2003,66.9,64,8,71
Indonesia,2002,66.7,63,8,7
Indonesia,2001,66.5,62,77,76
Indonesia,2000,66.3,65,72,75
Iraq,2014,67.9,62,67,64
Iraq,2013,69.5,66,7,68
Iraq,2012,76,61,7,69
Iraq,2011,77,77,8,79
Iraq,2010,76,72,74,74
Iraq,2009,74,75,78,78
Iraq,2008,69.3,66,71,69
Iraq,2007,65.9,56,74,57
Iraq,2006,64.7,59,63,59
Iraq,2005,66.8,65,69,65
Iraq,2004,67.2,62,69,74
Italy,2000,79.4,94,97,87
Jordan,2014,74,98,98,98
Jordan,2013,73.9,98,98,98
Jordan,2012,73.7,98,98,98
Jordan,2008,73.1,97,98,97
Jordan,2007,73,98,98,98
Jordan,2006,72.8,98,98,98
Jordan,2005,72.4,95,95,95
Jordan,2004,72.5,95,95,95
Jordan,2003,72.3,97,97,97
Jordan,2002,72.1,95,95,95
Jordan,2001,71.9,97,97,99
Jordan,2000,71.7,93,94,91
Kazakhstan,2014,69.9,95,95,95
Kazakhstan,2013,69.5,99,98,98
Kazakhstan,2012,69.1,95,98,99
Kazakhstan,2011,68.5,99,99,99
Kazakhstan,2010,67.8,99,98,99
Kazakhstan,2008,66.6,99,99,99
Kazakhstan,2007,65.3,94,94,93
Kazakhstan,2006,65,99,99,99
Kazakhstan,2005,64.6,94,99,98
Kazakhstan,2004,64.7,99,99,82
Kazakhstan,2003,64.4,99,99,99
Kazakhstan,2002,64.7,95,95,95
Kazakhstan,2001,64.4,95,95,95
Kazakhstan,2000,63.9,99,96,97
Malaysia,2014,74.8,96,97,97
Malaysia,2013,74.6,96,97,97
Malaysia,2012,74.5,97,97,97
Malaysia,2011,74.3,96,96,96
Malaysia,2010,74.1,96,96,96
Malaysia,2009,74,96,97,97
Malaysia,2008,73.8,97,97,97
Malaysia,2007,73.7,96,97,97
Malaysia,2006,73.6,95,95,95
Malaysia,2005,73.4,96,96,96
Malaysia,2004,73.2,94,95,95
Malaysia,2003,73.1,95,96,96
Malaysia,2002,72.9,95,94,94
Malaysia,2001,72.7,95,95,96
Malaysia,2000,72.4,97,98,98
Mexico,2014,76.6,84,87,87
Mexico,2011,76.1,98,97,97
Mexico,2006,75.8,98,98,98
Mexico,2005,75.3,98,98,98
Mexico,2004,75.4,98,98,98
Mexico,2003,75,98,98,98
Mexico,2001,75,97,97,97
Mexico,2000,74.8,97,97,97
Mongolia,2010,66.3,96,96,96
Mongolia,2009,66.9,97,96,95
Morocco,2014,74.1,99,99,99
Morocco,2013,73.9,99,99,99
Morocco,2012,73.6,99,99,99
Morocco,2011,73.3,98,98,99
Morocco,2010,72.8,98,99,99
Morocco,2009,72.3,98,99,99
Morocco,2008,71.8,97,99,99
Morocco,2007,71.4,95,95,95
Morocco,2006,71,95,97,97
Morocco,2004,72,95,97,97
Morocco,2003,69.9,9,91,91
Morocco,2002,69.5,92,94,94
Morocco,2001,69,84,93,96
Morocco,2000,68.6,43,95,95
Nepal,2014,69.6,92,92,92
Nepal,2013,69.3,92,92,92
Nepal,2003,64.3,2,76,78
Pakistan,2014,66.2,72,72,72
Pakistan,2013,66,72,72,72
Pakistan,2012,65.7,72,72,72
Pakistan,2011,65.5,74,75,74
Pakistan,2010,65.1,82,82,82
Pakistan,2009,64.8,78,7,71
Pakistan,2008,64.6,65,7,62
Pakistan,2007,64.4,75,75,75
Pakistan,2006,64.2,78,77,78
Pakistan,2005,62.9,7,78,77
Pakistan,2004,63.7,65,65,65
Pakistan,2003,63.5,63,69,67
Philippines,2014,68.4,67,77,67
Philippines,2013,68.1,89,84,89
Philippines,2012,68.1,88,88,88
Philippines,2011,68,87,87,87
Philippines,2010,67.9,77,78,79
Philippines,2009,68,85,86,87
Philippines,2008,67.5,88,91,91
Philippines,2007,67.5,87,87,87
Philippines,2006,67.3,77,88,88
Philippines,2005,67,49,9,89
Philippines,2004,67.3,48,85,88
Philippines,2003,67.2,52,85,84
Philippines,2002,66.8,42,77,79
Philippines,2001,66.8,45,76,79
Philippines,2000,66.8,7,74,78
Poland,2003,74.7,97,98,99
Poland,2002,74.5,98,98,99
Poland,2001,74.2,95,98,98
Poland,2000,73.7,99,98,98
Romania,2007,72.9,99,96,96
Romania,2006,72.5,99,97,97
Romania,2005,71.9,98,97,97
Romania,2004,71.7,99,97,97
Romania,2003,71.1,98,97,97
Romania,2002,77,99,98,98
Romania,2001,78,98,99,99
Romania,2000,77,98,99,99
Russian Federation,2014,73,97,97,97
Spain,2013,82.4,95,96,96
Spain,2012,82,96,97,97
Spain,2011,82.1,97,97,97
Spain,2010,81.9,97,97,97
Sri Lanka,2014,74.7,99,99,99
Sri Lanka,2013,74.6,99,99,99
Sri Lanka,2012,74.5,99,99,99
Sri Lanka,2011,74.5,99,99,99
Sri Lanka,2010,74.5,99,99,99
Sri Lanka,2009,71.8,97,97,97
Sri Lanka,2008,72.3,98,98,98
Sri Lanka,2007,73.7,98,98,98
Sri Lanka,2005,74.2,99,99,99
Sri Lanka,2004,69.1,62,97,97
Sri Lanka,2003,73.9,32,98,99
Syrian Arab Republic,2007,73.8,83,83,8
Syrian Arab Republic,2006,73.7,83,83,8
Syrian Arab Republic,2005,73.5,83,83,8
Syrian Arab Republic,2004,73.2,82,84,81
Syrian Arab Republic,2003,73,81,85,83
Syrian Arab Republic,2002,72.8,8,86,84
Syrian Arab Republic,2001,72.7,8,83,82
Syrian Arab Republic,2000,72.6,79,86,84
Thailand,2013,74.5,99,99,99
Thailand,2012,74.3,98,99,99
Tunisia,2014,75.1,98,98,98
Tunisia,2013,74.9,98,98,98
Tunisia,2012,74.9,97,97,97
Tunisia,2011,74.8,98,98,98
Tunisia,2010,74.8,98,98,98
Tunisia,2009,74.7,99,99,99
Tunisia,2008,74.7,99,99,99
Tunisia,2007,74.6,98,98,98
Tunisia,2006,74.4,99,99,99
Tunisia,2005,74.2,97,98,98
Tunisia,2004,74,96,97,97
Tunisia,2003,73.7,92,95,95
Tunisia,2002,73.5,93,96,96
Tunisia,2001,73.2,94,98,98
Tunisia,2000,72.9,94,97,97
Turkey,2014,75.5,96,96,96
Turkey,2013,75.2,97,98,98
Turkey,2012,74.8,97,97,97
Turkey,2011,74.5,96,97,97
Turkey,2010,74.2,96,97,97
Turkey,2009,73.9,94,96,96
Turkey,2007,73.2,96,96,96
Turkey,2006,72.8,82,9,9
Turkey,2005,72.4,85,9,9
Turkey,2004,72,77,85,85
Turkey,2003,71.6,68,69,68
Turkey,2002,71.2,72,78,78
Turkey,2001,78,77,88,88
Turkey,2000,74,71,85,85
Turkmenistan,2007,64.1,98,98,98
Turkmenistan,2006,63.7,98,98,98
Turkmenistan,2004,63.5,96,98,97
Turkmenistan,2003,63.4,97,66,83
Turkmenistan,2002,63.3,96,99,98
Uzbekistan,2014,69.2,99,99,99
Uzbekistan,2011,68.5,99,99,99
Canada,2014,82,55,91,91
Canada,2013,81.8,55,91,91
Canada,2012,81.6,7,99,95
Canada,2011,81.5,7,87,87
Canada,2010,81.2,56,88,89
Canada,2009,81,42,89,91
Canada,2008,87,28,89,92
Canada,2007,85,14,9,94
Canada,2006,85,14,95,95
Canada,2005,81,14,93,93
Canada,2004,80,14,91,91
Canada,2003,79.7,14,88,91
Chile,2011,79.8,94,93,94
Chile,2009,79.3,94,94,94
Comoros,2009,61.3,83,84,83
Comoros,2006,63,69,69,69
Comoros,2005,60,68,67,68
Georgia,2002,71.7,51,89,84
Georgia,2001,73,61,83,87
Georgia,2000,71.8,55,81,8
Germany,2014,89,88,94,95
Germany,2013,86,88,94,95
Germany,2012,86,88,94,95
Germany,2011,85,88,94,95
Germany,2010,81,88,94,95
Germany,2009,80,88,95,96
Germany,2008,79.9,87,95,96
Italy,2012,82,96,96,97
Italy,2011,82,96,96,96
Italy,2010,81.8,96,96,96
Italy,2009,81.6,96,96,96
Italy,2008,81.5,96,96,96
Italy,2007,81.3,97,97,97
Italy,2006,81.2,96,97,96
Italy,2005,88,96,97,95
Italy,2004,89,96,97,94
Italy,2003,79.9,95,97,96
Italy,2002,80,95,96,93
Mongolia,2008,67.4,96,95,96
Mongolia,2007,65.9,98,99,95
Mongolia,2006,65,98,98,99
Mongolia,2003,64,98,98,98
Mongolia,2002,63.8,98,98,98
Mongolia,2001,63.2,95,95,95
Mongolia,2000,62.8,93,94,94
Poland,2013,77.1,96,95,99
Poland,2012,76.8,97,95,99
Poland,2010,76.3,98,96,99
Poland,2009,75.7,98,96,99
Poland,2007,75.3,98,99,99
Poland,2006,75.2,98,99,99
Poland,2005,75,98,99,99
Poland,2004,74.9,98,99,99
Romania,2014,74.8,94,94,94
Romania,2013,74.6,96,88,92
Romania,2012,74.4,96,92,91
Romania,2011,74.3,96,89,89
Romania,2010,73.4,98,94,94
Romania,2009,73.1,95,95,95
Romania,2008,73.1,97,95,96
Spain,2009,81.6,96,96,96
Spain,2008,81.3,97,97,97
Spain,2007,89,96,96,96
Spain,2006,88,97,98,98
Spain,2005,81,96,96,96
Spain,2004,81,97,97,97
Spain,2003,79.4,81,99,98
Spain,2002,79.5,82,98,98
Spain,2000,79.1,77,95,95
Timor-Leste,2014,68,77,76,77
Timor-Leste,2013,67.7,82,82,82
Timor-Leste,2012,67.4,83,83,83
Timor-Leste,2011,67.2,67,66,67
Timor-Leste,2010,66.9,72,72,72
Timor-Leste,2009,66.6,72,78,72
Austria,2014,81.4,98,98,98
Austria,2012,88,92,92,92
Austria,2011,88,89,89,89
Austria,2010,84,86,86,86
Austria,2009,82,83,83,83
Austria,2008,84,83,83,83
Austria,2007,81,85,85,85
Austria,2006,79.8,83,83,83
Austria,2005,79.4,86,86,86
Austria,2004,79.3,83,83,83
Austria,2003,78.8,83,84,84
Belarus,2014,72,97,97,97
Bosnia and Herzegovina,2014,77.2,89,86,86
Bosnia and Herzegovina,2012,76.8,92,87,92
Bosnia and Herzegovina,2011,76.9,88,89,88
Bosnia and Herzegovina,2010,76.4,89,9,89
Bosnia and Herzegovina,2009,76.1,9,9,9
Bosnia and Herzegovina,2008,76,88,92,91
Bosnia and Herzegovina,2007,75.4,94,95,95
Bosnia and Herzegovina,2006,75.7,9,91,87
Bosnia and Herzegovina,2005,75,93,95,93
Bosnia and Herzegovina,2004,75.5,36,87,84
Croatia,2012,77.1,98,96,96
Croatia,2011,77,97,96,96
Croatia,2010,76.6,97,97,97
Croatia,2009,76.3,97,96,96
Croatia,2008,76,97,96,96
Cyprus,2014,83,96,99,99
Cyprus,2012,80,96,99,99
Cyprus,2010,79.5,96,99,99
Cyprus,2008,79.1,93,97,97
Cyprus,2005,78.7,88,98,98
Estonia,2013,76.9,93,94,94
Estonia,2012,76.3,94,94,94
Estonia,2011,76.1,94,93,93
Estonia,2007,73,95,95,95
Estonia,2006,73,95,95,95
Estonia,2005,72.8,95,96,96
Fiji,2009,68.9,99,99,99
Fiji,2006,68.5,99,98,98
Fiji,2004,68.1,99,96,95
Fiji,2003,68,99,95,94
Fiji,2002,67.9,99,94,93
Fiji,2001,67.8,98,92,91
Greece,2014,88,96,99,99
Greece,2013,86,98,99,99
Greece,2012,84,98,99,99
Greece,2011,85,95,99,99
Greece,2010,83,95,99,99
Greece,2009,80,95,99,99
Greece,2008,79.9,95,99,99
Greece,2007,79.4,95,99,99
Ireland,2014,81.2,95,96,96
Ireland,2013,81,95,96,96
Ireland,2012,85,95,95,95
Ireland,2011,84,95,95,95
Ireland,2010,86,46,94,94
Latvia,2014,74.4,92,92,92
Latvia,2012,73.8,9,91,91
Latvia,2011,73.6,89,92,92
Latvia,2008,71.9,93,94,94
Latvia,2006,75,94,96,96
Latvia,2005,76,99,99,99
Latvia,2001,69.9,96,97,97
Lithuania,2014,73.4,94,93,93
Lithuania,2013,73,93,93,93
Lithuania,2011,72.8,95,92,92
Lithuania,2010,72.4,94,95,95
Lithuania,2008,71.1,96,96,96
Lithuania,2006,76,95,94,94
Lithuania,2005,78,95,93,94
Lithuania,2004,71.6,94,9,94
Lithuania,2003,71.6,95,91,94
Lithuania,2002,71.4,94,97,95
Lithuania,2001,71.2,95,97,95
Lithuania,2000,71.6,98,92,94
Luxembourg,2012,81.1,94,99,99
Luxembourg,2011,88,95,96,99
Luxembourg,2008,80,94,96,99
Luxembourg,2006,79.4,95,99,99
Luxembourg,2003,78.6,95,99,98
Maldives,2009,76.3,98,98,98
Maldives,2007,75.4,98,98,98
Maldives,2006,75,98,98,98
Maldives,2005,74.3,98,98,98
Maldives,2004,73.4,97,96,96
Maldives,2003,72.7,98,98,98
Maldives,2002,71.8,98,98,98
Maldives,2000,69.6,96,98,98
Malta,2011,87,82,96,96
Malta,2009,82,86,73,73
Malta,2008,80,86,72,72
Malta,2007,79.6,82,76,74
Malta,2006,79.3,86,83,85
Malta,2005,79,85,94,92
Malta,2004,78.7,85,89,89
Malta,2003,78.5,89,94,94
Mauritius,2011,73.6,98,98,98
Mauritius,2009,72.8,99,99,99
Mauritius,2008,72.7,99,99,99
Mauritius,2007,72.9,97,96,97
Mauritius,2006,71.8,97,98,97
Mauritius,2005,72.1,97,97,97
Mauritius,2004,71.9,98,98,98
Mauritius,2003,71.5,97,99,99
Montenegro,2011,75.4,91,95,95
Montenegro,2010,75.3,9,93,94
Portugal,2013,86,98,98,98
Portugal,2012,83,98,98,98
Portugal,2011,82,97,97,97
Portugal,2010,79.6,97,97,98
Portugal,2009,79.3,96,96,96
Portugal,2008,79,97,97,97
Samoa,2012,73.2,64,62,64
Samoa,2010,72.6,57,57,62
Seychelles,2007,72.2,99,99,99
Seychelles,2006,72.2,99,99,99
Sweden,2014,82.3,67,98,98
Sweden,2013,81.9,67,98,98
Sweden,2012,81.7,53,98,98
Sweden,2011,81.7,42,98,98
Tonga,2001,71.8,91,91,89
Vanuatu,2014,71.7,64,65,64
Vanuatu,2005,69.9,61,67,68
Vanuatu,2003,69.4,64,67,69
Vanuatu,2002,69.3,66,67,7
Vanuatu,2001,69.1,68,67,7
Vanuatu,2000,69,7,67,71
Albania,2012,76.9,99,99,99
Albania,2011,76.6,99,99,99
Belarus,2013,71.7,98,98,98
Belarus,2012,71.9,97,98,98
Belarus,2011,72,98,98,98
Belarus,2010,73,96,99,98
Belgium,2014,89,98,99,99
Belgium,2013,87,98,99,99
Belgium,2012,83,98,99,99
Belgium,2011,83,97,98,98
Belgium,2010,80,97,98,98
Belgium,2009,79.8,97,98,98
Belgium,2008,79.5,98,99,99
Belgium,2007,79.5,94,99,98
Belgium,2006,79.4,94,99,98
Belgium,2005,78.9,77,97,97
Belgium,2003,78.3,64,96,95
Greece,2005,79.3,93,96,96
Greece,2004,79.2,92,95,95
Portugal,2005,77.7,94,93,93
Portugal,2004,78,94,95,95
Portugal,2003,77.3,94,96,99
Albania,2010,76.2,99,99,99
Albania,2007,75.9,98,99,98
Albania,2006,74.2,98,97,97
Albania,2005,73.5,98,97,98
Albania,2004,73,99,98,97
Albania,2003,72.8,97,97,97
Albania,2002,73.3,96,98,98
Albania,2001,73.6,96,97,97
Albania,2000,72.6,96,97,97
Armenia,2014,74.6,93,95,93
Armenia,2013,74.4,95,96,95
Armenia,2010,73.5,94,96,94
Armenia,2007,73.5,85,9,88
Armenia,2006,72.9,78,87,87
Armenia,2005,73,91,92,9
Armenia,2004,73,91,93,91
Armenia,2003,72.7,93,96,94
Armenia,2002,72.6,91,96,94
Armenia,2001,72.6,69,97,94
Armenia,2000,72,55,96,93
Australia,2014,82.7,91,92,92
Australia,2013,82.5,91,91,91
Australia,2012,82.3,91,92,92
Australia,2011,82,92,92,92
Australia,2010,81.9,92,92,92
Australia,2009,81.7,94,92,92
Australia,2008,81.3,94,92,92
Australia,2004,86,95,92,92
Australia,2003,83,95,92,93
Belarus,2007,69.8,91,9,95
Belarus,2006,68.9,98,97,99
Belarus,2005,68.1,99,98,99
Belarus,2004,68.2,99,99,99
Belarus,2003,67.7,56,53,5
Belarus,2002,67.2,99,99,99
Belarus,2001,67.7,93,99,99
Belarus,2000,68,7,99,99
Belgium,2004,78.8,64,96,95
Belgium,2001,78,6,96,95
Bhutan,2002,62.5,83,89,86
Bhutan,2001,61.7,89,88,88
Bhutan,2000,62,98,98,92
Bulgaria,2013,74.1,95,95,95
Bulgaria,2012,73.9,95,95,95
Bulgaria,2011,73.7,96,95,95
Bulgaria,2010,73.4,95,94,94
Bulgaria,2009,73.2,96,94,94
Bulgaria,2008,72.9,96,96,95
Bulgaria,2007,72.6,95,95,95
Bulgaria,2006,72.2,96,96,95
Bulgaria,2005,72.1,96,97,96
Bulgaria,2001,71.6,93,94,94
Bulgaria,2000,71.1,94,94,93
Costa Rica,2014,79.5,91,91,91
Costa Rica,2005,78.6,9,91,91
Costa Rica,2003,78,86,88,88
Georgia,2014,74.5,91,91,91
Georgia,2013,74.5,96,94,93
Georgia,2012,74.2,92,93,92
Georgia,2011,73.9,89,88,94
Georgia,2010,73.8,95,88,92
Georgia,2009,73.2,54,93,88
Georgia,2008,73.9,89,9,92
Georgia,2007,74.4,94,88,98
Georgia,2006,73.9,84,89,88
Georgia,2005,73.9,79,82,82
Georgia,2004,72.3,64,66,78
Greece,2002,79,91,92,92
Greece,2001,78.7,9,9,91
Greece,2000,78.2,89,89,89
Israel,2014,82.2,97,95,95
Israel,2013,82.1,97,96,96
Israel,2012,81.8,97,94,94
Israel,2011,81.8,98,94,94
Israel,2010,81.7,97,95,95
Israel,2009,81.5,98,96,96
Israel,2008,81,99,94,94
Israel,2007,84,99,95,95
Israel,2006,84,96,94,95
Israel,2005,80,96,95,93
Israel,2004,81,99,95,95
Israel,2003,79.7,98,93,93
Israel,2002,79.3,98,91,9
Israel,2001,79.3,96,93,92
Israel,2000,78.9,98,93,93
Lebanon,2014,74.8,81,75,81
Lebanon,2013,74.9,81,75,81
Lebanon,2012,75,81,75,81
Lebanon,2011,75,81,75,81
Lebanon,2010,74.9,81,75,81
Lebanon,2009,74.7,81,75,81
Lebanon,2008,74.5,81,75,81
Lebanon,2007,74.4,8,75,8
Lebanon,2006,74.1,78,75,78
Lebanon,2005,73.9,77,74,77
Lebanon,2004,73.7,75,74,75
Lebanon,2003,73.5,74,74,74
Lebanon,2002,73.2,77,77,77
Lebanon,2001,73,8,8,8
Lebanon,2000,72.7,83,83,83
Netherlands,2014,81.7,92,96,96
Netherlands,2013,81.4,51,97,97
Netherlands,2012,81.1,2,97,97
Netherlands,2011,81.1,2,97,97
Panama,2011,77.3,87,91,87
Portugal,2002,77.2,82,96,98
Portugal,2000,76.6,58,96,96
Serbia,2014,75.4,92,93,93
Serbia,2013,75.3,91,97,95
Serbia,2011,74.6,94,94,94
Serbia,2010,74.4,89,91,91
Serbia,2009,74.1,93,97,95
Serbia,2008,74,93,95,95
Serbia,2007,73.8,99,93,94
Serbia,2006,73.6,93,97,92
Serbia,2005,73,65,98,98
Serbia,2004,73,89,96,88
Spain,2014,82.6,96,97,97